{
  "branch_length_mean": 401.0043640136719,
  "branch_length_std": 245.8135528564453,
  "price_mean": 1.227553367614746,
  "price_std": 1.6297422647476196,
  "wet_cost_mean": 3.5473380088806152,
  "wet_cost_std": 5.956547260284424
}